medicamento,llm_response,input_tokens,output_tokens
"Akynzeo (300mg + 0,56mg) Cáp.",Netupitanto + Palonosetrona,123,11
 ACIDO ASCORBICO 1G EFERVESCENTE (VITAMINA C),Ácido Ascórbico,126,6
Optiray 350 Sol inj 100mL (seringa),Ioversol,121,3
ACIDO ACETIL SALICILICO 100MG,Ácido Acetilsalicílico,117,8
Sulfato de Hidroxicloroquina 400 mg comp,Hidroxicloroquina,120,7
"ENTECAVIR 0,5MG COMP",Entecavir,116,4
"Fentanila 0,5 mg/10ml, fr-amp 0.1mg/ml",Fentanila,127,4
RACECADOTRIL 100MG CAPS,Racecadotril,116,4
Zytiga 250mg Cp,Abiraterona,112,4
AZITromicina 500mg - EV,Azitromicina,114,4
"Deslanosideo 0,2mg/mL - 2mL",Deslanosídeo,120,5
BUDESONIDA 100MCG/DOSE,Budesonida,116,4
COMPLEXO VITAMINICO B DRG,Vitaminas do Complexo B,116,7
RIFAMICINA SODICA 10MG/ML 20ML USO TOPICO (RIFOCIN,Rifamicina Sódica,130,7
PANTOPRAZOL 40mg COMP ,Pantoprazol,116,5
LEVOFLOXACINO 500 MG FR 100 ML,Levofloxacino,119,6
"Solução Diálise Peritoneal (Glic1,5% + Ca3,5mEq/L) (Cód1683) 2000mL ",Glicose e Cálcio,141,8
"OCTREOTIDE 0,1MG/ML AMPOLA 1ML",Octreotida,121,4
ACIDO ACETILSALICILICO 100 MG,Ácido Acetilsalicílico,118,8
Aciclovir 250mg inj,Aciclovir,113,4
DICLORIDRATO DE BETAISTINA 16 mg,Betaistina,119,3
Noripurum Ev 100mg (20mg/ml) Ampola 5ml,Ferro Dextrano,122,5
Ondansetrona 2mg/ml amp 2 mL,Ondansetrona,119,6
LAMOTRIGINA 25MG - COMPRIMIDO,Lamotrigina,119,5
PERMANGANATO DE POTASSIO,Permanganato de Potássio,114,8
Itraconazol 100 Mg Comprimido (A),Itraconazol,119,5
"Sol. de ringer + lactato, bolsa 500 ml",Ringer Lactato,119,5
Synvisc One Seringa 8mg/ml 6ml,Hialuronato de Sódio,119,8
OXIDO DE ZINCO 200 MG + NISTATINA 100.000 UI/G (POMADA 60G),"Óxido de Zinco, Nistatina",134,12
OLEO MINERAL SOL ORAL,Óleo Mineral,113,3
"OLANZapina 2,5mg Comprimido",Olanzapina,118,4
FUROSEMIDA 40MG,Furosemida,112,4
Hepamax-S 25.000 UI/5mL Sol inj (Alta Vigilância),Hepatite B Imunoglobulina Humana,126,12
"ATROPINA 0,25mg/mL 1mL AMP",Atropina,119,3
CLORETO DE SODIO 20% AMP 10 ML,Cloreto de Sódio,120,7
Tacrolimo 1mg Cápsula,Tacrolimo,115,3
"Carmelose sódica 0,5% Sol oftálmica 10mL",Carmelose sódica,125,7
FORMOTEROL FUMARATO DIIDRATADO 6MCG+BUDESONIDA 200MCG/DOSE PO INALANTE 60 DOSES,"Formoterol Fumarato Diidratado, Budesonida",142,15
"FLUDROCORTISONA 0,1MG COMPRIMIDO NP (FLORINEFE)",Fludrocortisona,127,6
"BACLOFENO 2,5MG - CP",Baclofeno,117,5
Anastrozol 1 mg comp. rev.,Anastrozol,116,4
"ALPRAZOLAM 0,25 mg",Alprazolam,116,5
BLEOmicina(SULFATO) 15UI PO P/ SOL INJ - FRASCO AMPOLA,Bleomicina,129,4
"FentaNILA 500mcg INJ (0,05 mg/mL) 10mL**",Fentanil,127,4
"MPP:  BOSENTANA 62,5MG",Bosentana,117,4
Revitam Júnior Solução Oral Frasco 120ml,Multivitaminas,119,4
Vitamina A 50.000ui/ml + Vitamina D 10.000ui/ml ( Livre de Parabenos E Óleos Vegetais)50ml,"Vitamina A, Vitamina D",141,8
"Hidrocin (0,75+0,5+5)mg/mL Sol nasal 20mL (Não Padrão)","Hidroclorotiazida, Cloridrato de Amilorida, Maleato de Enalapril",134,26
LEFLUNOMIDA 20 MG CMP,Leflunomida,114,6
Alogliptina 25mg + PIOglitazona 30mg,"Alogliptina, Pioglitazona",122,11
Hirudoid gel tubo c/ 40g,Heparinoide,116,4
Carboximaltose férrica 500mg/10mL Sol inj,Carboximaltose férrica,122,8
"DOBUTAMINA, 250MG/20ML  AMP 20ML (ALTA VIGILANCIA)",Dobutamina,131,4
CLORIDRATO DE METFORMINA 1000 mg + GLIMEPIRIDA 4 mg,"Metformina, Glimepirida",127,8
Adenosina 3mg/Ml Inj. Ampola C/ 2ml (AV),Adenosina,126,3
"ATROVENT 0,25MG/ML - GTS",Ipratrópio,118,5
Prometazina 25mg Cp,Prometazina,113,4
Sacubitril Valsartana Sódica Hidratada 50mg Comprimido Revestido,Sacubitril Valsartana,129,8
Sulfato De Morfina 10mg Cp.,Morfina,117,3
Dolutegravir 50mg,Dolutegravir,113,5
Nevirapina 10 mg/mL sol. oral frasco c/ 100 mL,Nevirapina,123,5
CICLOSPORINA 25MG CAPS (CEAF),Ciclosporina,120,6
GABAPENTINA 300 MG - CAP,Gabapentina,115,3
"BUPIVACAINA CLORIDRATO 0,5% SEM VASOCONSTRITOR - 2",Bupivacaína,131,6
METADONA 10 MG,Metadona,111,3
MANIVASC 10MG - CP,Enalapril,113,4
LoSEC Mups 20mg Cp rev,Omeprazol,114,5
CicloFOSFAMida 1g FA - Genuxal,Ciclofosfamida,121,7
"ATROPINA SULFATO 0,5MG/1ML",Atropina,120,3
"SORO FISIOLOGICO 0,9% 1000ML",Cloreto de Sódio,122,7
FENTANEST 50mcg/ml FA 10 ml,Fentanil,118,4
FENITOINA INJETAVEL 5 ML 50 MG/ML AMP,Fenitoína,123,5
Paroxetina 25mg Comprimido Revestido,Paroxetina,118,4
FENOBARBITAL 40MG/ML 20ML SOL OR GTS,Fenobarbital,123,5
"Deslanosídeo 0,4mg/2mL amp",Deslanosídeo,120,5
INSULINA REGULAR HUMANA 100 UI/ML FRA,Insulina Regular Humana,120,6
NIMESULIDA 50MG/ML SOLUCAO ORAL DOSE 34 GOTAS,Nimesulida,127,4
HIDROSMINA 200 mg,Hidrosmina,112,4
"FIBRAS VEGETAIS PURIF (PLANTAGO OVATA) PSYLLIUM 3,5 G ENV",Psyllium,133,3
ACIDO TRANEXAMICO,Ácido Tranexâmico,111,6
FENITOINA COMPRIMIDO 100MG @,Fenitoína,117,5
LECANEmabe 500MG INJ (100MG/ML) 5ML,Lecanemabe,124,5
Dimenidrinato 50mg/mL + piridoxina 50mg/mL - 1mL,"Dimenidrinato, Piridoxina",128,10
"CLORETO DE SODIO 0,9% 10ML",Cloreto de Sodio,121,7
PEMETREXEDE - NP,Pemetrexede,112,4
COLCHICINA 0.5MG CPR,Colchicina,115,3
"CALCITRIOL 0,25 MCG",Calcitriol,115,4
"Mabthera 1400mg / 11,7ml SC",Rituximabe,120,5
SERETIDE,Salmeterol e Fluticasona,108,10
"Lumigan 0,03% Sol oftálmica 5mL (Não Padrão)",Bimatoprosta,127,4
IMUNOGLOBULINA ANTI RHO 300 MCG SER,Imunoglobulina Anti-Rho (D),120,11
Hidrocortisona 20mg Cápsula - Manipulado,Hidrocortisona,121,6
Furosemida 20mg/2mL Sol inj,Furosemida,118,4
PROTAMINA 1.000 UI/ML  SOLUCAO INJETAVEL AMPOLA 5 ML,Protamina,130,2
ALIVIUM 100MG/ML 20ML (200GOTAS) FR (SE NECESSARIO),Ibuprofeno,130,5
Mesacol 500mg supositório,Mesalazina,114,4
"Dermacerium 0,4/1,0% Creme 50g (Não Padrão)",Sulfadiazina de Prata + Nitrato de Cério,128,16
HIPO - HALOPERIDOL 1 MG,Haloperidol,115,4
"BUDESONIDA 0,5MG/2ML SUSP NEBULIZACAO FR 2ML",Budesonida,129,4
PERMETRINA 10MG/ML ( 1%) - 60ML – SHAMPOO - FRASCO,Permetrina,131,3
GLICOPIRRONIO BROMETO CAPSULA GELATINOSA DURA COM PO PARA INALACAO 50MCG/DOSE 10 CAPSULAS COM INALADOR,Brometo de Glicopirrônio,149,11
DEXAMETASONA SOL INJ 2MG/ML AMP EV BOLUS,Dexametasona,124,5
FUROSEMIDA COMP 40MG,Furosemida,113,4
MIRTAZAPINA 30MG COMP,Mirtazapina,115,5
Deflazacort 30mg Cp.,Deflazacort,115,5
ENTACAPONA COMPRIMIDO REVESTIDO 200MG ,Entacapona,120,4
Urbanil (clobazam) 10mg Comprimido,Clobazam,119,4
PRADAXA 150MG 60 CAP,Dabigatrana,115,5
Lidocaína 50mg/g Pomada Bisnaga 25g Oralbase - Ems,Lidocaína,126,5
FOSF. SODICO DE prednisoLONA 3MG/ML SOL. ORAL FR 60ML,Prednisolona,131,4
Dose D 200 UI/gota Sol oral 20mL (Não Padrão),Colecalciferol,125,4
Anestésico Colírio Fr 10ml,Tetracaína,116,5
MPP:  PRISTIQ 100 MG,Desvenlafaxina,115,6
Bacitracina+Neomicina 15g bisnaga,"Bacitracina, Neomicina",119,9
Carvão ativado 10gr,Carvão ativado,113,5
"XGEVA 120MG AMP 1,7ML SC",Denosumabe,118,4
TOPIRAMATO 25MG 60 CP REV NOVAQ GEN C1,Topiramato,122,3
POLIETILENOGLICOL 4000 S/ ELETROLITOS 10 GRAMAS,Polietilenoglicol 4000,128,9
SEVELAMER 800MG CPR,Sevelamer,113,3
Paracetamol 10mg/ml inj. bls 100ml,Paracetamol,120,4
Claritin 10mg Comprimido,Loratadina,113,5
OSELTAMIVIR 75MG COM,Oseltamivir,115,5
RIVAROXABANA 15mg COMP - ALTA VIGILANCIA,Rivaroxabana,123,5
CLORETO DE POTASSIO 600 MG DRAGEA,Cloreto de Potássio,119,8
CLEXANE 80MG SC (MEDICAMENTO DE RISCO),Enoxaparina,121,5
"FENTANIL (CITRATO) 0,05MG/ML C/10ML INJ",Fentanil,128,4
BUTILBROMETO DE ESCO.+DIPIRONA 10MG/ML SOL. ORAL FR 20ML,"Butilbrometo de Escopolamina, Dipirona",131,13
SULFAMETOXAZOL 400MG + TRIMETOPRIMA 80MG - COMPRIMIDO,Sulfametoxazol + Trimetoprima,131,13
"TERLIPRESSINA 0,1MG/ML AMPOLA 8,5ML",Terlipressina,124,4
DECADRON - COLIRIO,Dexametasona,112,5
BACILLUS CLAUSII FLACONETE 5ML,Bacillus clausii,120,6
Uni Haloper 5 Mg/ml Amp/1ml,Haloperidol,116,4
CLORIDRATO DE VERAPAMIL 80 mg,Verapamil,117,3
MANITOL SOLUCAO 20% 250ML BL SANOBIOL,Manitol,123,2
CicloFOSFAMida 1000mg Inj.,Ciclofosfamida,119,7
CETAMINA 50MG/ML AMPOLA 2 ML (MPP),Cetamina,122,3
"Naloxona 0,4 mg/1 ml, amp 0,4mg/ml",Naloxona,125,4
ETOMIDATO 20MG/10ML SOL INJ,Etomidato,118,3
Quetiapina 50 mg comp (NÃO PADRONIZADO),Quetiapina,121,4
Rosuvastatina cálcica 20mg cp (NÃO PADRONIZADA),Rosuvastatina cálcica,125,8
DAPAGLIFLOZINA 10 MG,Dapagliflozina,116,8
CLORIDRATO DE TRAMADOL 50MG/ML - 2ML - SOLUÇÃO INJETÁVEL - VIA INTRAMUSCULAR OU ENDOVENOSA - AMPOLA,Tramadol,150,3
"METOPROLOL, TARTARATO 1 MG/ML SOLUCAO INJETAVEL AMPOLA 5 ML",Metoprolol,134,4
AmioDARONA 150MG/3ML AMP,Amiodarona,117,4
Sotalol 120mg Comprimido,Sotalol,114,3
MECLIN 25MG COMP (NP),Cloridrato de Meclizina,115,10
Ruxolitinibe 10 mg cp ,Ruxolitinibe,115,5
PARACETAMOL GOTAS 200MG / ML,Paracetamol,117,4
Cetamina 50mg/ml 10ml Fr/amp,Cetamina,118,3
"HIDROXIETILAMIDO 130/0,4 - EV",Hidroxietilamido,120,7
AGUA DESTILADA 10ML AMPOLA,Água destilada,115,5
MC: FORXIGA 10MG ,Dapagliflozina,115,8
HIDROXIETILAMIDO 6% (60 MG/ML) FR 500 ML (VOLUVEN),Hidroxietilamido,131,7
NISTATINA+OXIDO DE ZINCO POMADA,"Nistatina, Óxido de Zinco",119,13
"MORFINA 0,2 MG/1ML EV (MEDICAMENTO DE RISCO)",Morfina,126,3
MEROPENEM 500MG - FR - AMP,Meropenem,115,3
DICLORIDRATO DE BETAISTINA 8 mg,Betaistina,119,3
"Butilbrometo de escopolamina 10mg, drágea (ORAL)",Butilbrometo de escopolamina,126,9
OCTREOTIDA 30 MG -  AMP,Octreotida,115,4
Toperma 5% Adesivo Transdermico Lidocaina 5%,Lidocaina,124,4
MetoTREXATO 100 mg/mL,Metotrexato,115,4
SURFACTANTE ALFAPORACTANTO 80MG/ML SOL. INJETAVEL FA 3ML,Alfaporactanto,131,5
EFFIENT 10MG 30 CP REV,Prasugrel,114,4
EFEDrina SULFATO SOLUCAO INJETAVEL 50MG/ML 1ML  @,Efedrina,131,3
Ampicilina 1000 mg po liofilo injetavel frasco/ampola ( Santa Casa ),Ampicilina,130,5
ALBUMINA HUMANA 20% MANIPULADA (PERIFERICA),Albumina Humana,123,4
Alivium 100mg/ml (10gts/ml) 20ml,Ibuprofeno,121,5
FENITOINA 50MG/ML (HIDANTAL),Fenitoína,120,5
BIOCURON 4mg/2ml  amp 2 ml (Pancurônio),Pancurônio,126,5
Valsartana 80mg cp,Valsartana,113,3
TROPICAMIDA 1% (10MG/ML) SOLUCAO OFTALMICA,Tropicamida,128,4
DAPAGLIFLOZINA 10MG CPREV,Dapagliflozina,118,8
"CLONAZEPAM 0,5MG CP",Clonazepam,116,4
DEPURA 2.000UI 30CP,Vitamina D3,116,5
SULFATO DE ZINCO 2.5 mg/mL,Zinco,119,3
ALOPURINOL 100 MG - COMP,Alopurinol,115,5
Água Bidestilada Bolsa 100ml - Halex Istar #,Água Bidestilada,122,6
DOMPERIDONA 1MG/ML SUSPENSAO ORAL DOSE 3 ML,Domperidona,126,4
"COLCHICINA 0,5MG - CP",Colchicina,116,3
DOMPERIDONA 10MG COMP,Domperidona,113,4
MPP:  PANCREATINA 25.000UI,Pancreatina,118,3
Mirtazapina 15mg Cp orodisp (Med. Controlado) ,Mirtazapina,124,5
MC: EXELON PATCH 5 ,Rivastigmina,114,5
Losartan Potássico 50 mg  cp,Losartan,117,3
"CLINDAMICINA 600MG - C/ 4ML + SF 0,9 % 100 ML",Clindamicina,129,4
SORO GLICOSADO 10% 1000ML,Glicose,119,3
Coltrax 4mg (2mg/ml) Ampola 2ml,Tiocolchicosídeo,121,6
Quet XR 300mg Cp rev lib prolong (Med. Controlado) (Não Padrão),Quetiapina,127,4
SULFAMETOXAZOL + TRIMETOPRIMA (40MG + 8MG)/ML DOSE 5 ML,Sulfametoxazol + Trimetoprima,134,13
Trometamol cetorolaco 5mg/ml Solução Oftálmica Frasco 5ml,Cetorolaco de Trometamol,129,10
NORAdrenalina 4MG/4ML AMP,Noradrenalina,116,4
OXIDO DE ZINCO USO TOPICO,Óxido de Zinco,116,7
"Ropivacaína 7,5mg/ml (0,75%) 20ml Fr/amp",Ropivacaína,128,6
NAPROXENO 250MG - COMP,Naproxeno,115,4
Fauldcispla 10mg/10mL Inj,Cisplatina,118,4
BACLOFENO 10MG - COMPRIMIDO,Baclofeno,118,5
"CEFEPIMA 2G PO P/SOL INJ + SF 0,9% 100ML",Cefepima,128,4
"NATRILIX SR 1,5MG 30 CP C",Indapamida,119,4
SACCHAROMYCES BOULLARDI 200MG ENV,Saccharomyces boulardii,118,8
Dipirona sodica 500mg/mL - 2mL,Dipirona Sódica,119,7
TEMOZOLOMIDA 100MG VO QT,Temozolomida,116,6
Aerolin 2mg Cp.,Salbutamol,112,4
CILOSTAZOL 100MG COMPRIMIDO,Cilostazol,117,5
"ENOXAPARINA SODICA 80 MG  SERINGA  0,8ML",Enoxaparina Sódica,126,8
Lidocaína 10% Spray Frasco 50ml,Lidocaína,118,5
Losartana Potassica - Gen. Biosintetica 50 mg. 2 bl. x 14 cprs. rev.,Losartana Potassica,134,6
Amato 100mg Comprimido - C1,Topiramato,116,3
CUORE 75MG 28CP REV,Ácido Acetilsalicílico,114,8
AMPICILINA  INTRAVENOS (AMPOLA 1GRAMA),Ampicilina,123,5
SORO FISIOLOGICO (NACL 0.9% 10 ML AMP),Cloreto de Sódio,126,7
Salbutamol 5mg/mL Gts Neb Fr 10mL - Aerolin,Salbutamol,124,4
N-ACETILCISTEINA 600MG ENVELOPE,N-Acetilcisteína,120,9
Decadron 2mg/1mL Sol inj,Dexametasona,117,5
VITAMINA COMPLEXO B DRG,Complexo B,115,3
"LEVOBUPIVACAINA 0,25%+ EPINEFRINA 20ML - AMP","Levobupivacaína, Epinefrina",128,13
Tramadol 100mg Comprimido de Liberação Controlada,Tramadol,119,3
IRINOTECANO 40MG FR - NP,Irinotecano,116,4
Sildenafila 50mg Cp,Sildenafila,113,4
PROPATILNITRATO COMPRIMIDO C/10MG,Propatilnitrato,120,6
Lactobacillus acidophilus 3BI UFC + Lactobacillus paracasei 3BI UFC+ Lactobacillus bifidum 3BI UFC + Lactobacillus rhamnosos 2BI UFC Sol oral 100mL (Não Padrão),"Lactobacillus acidophilus, Lactobacillus paracasei, Lactobacillus bifidum, Lactobacillus rhamnosos",170,37
TERIZIDONA CAPSULA GELATINOSA DURA 250MG MS,Terizidona,124,4
"LEUPRORRELINA ACETATO 22,5MG PO LIOFILIZADO",Leuprorrelina,126,5
"AMOXICILINA+CLAV POT (250MG +62,5MG/ 5ML) SUSPENSAO",Amoxicilina + Ácido Clavulânico,132,12
LINEZOLIDA 2MG/ML SOLUCAO INJETAVEL BOLSA 300ML,Linezolida,129,4
"Psorex 0,5mg/g Creme 30g",Betametasona,119,5
Esmolol 10mg/mL Inj. Frasco c/ 10mL,Esmolol,124,4
Imunoglobulina Humana 5 G 10 % (100 Mg/ml) Frasco C/ 50ml,Imunoglobulina Humana,130,7
"Clorexidina enxaguatório bucal 0,12% frasco 500mL",Clorexidina,126,5
Cetrolac 30 mg  amp 1 ml (Cetorolaco Trometamina) ,Cetorolaco Trometamina,128,8
Daxas 500mcg Comprimido Revestido,Roflumilaste,118,6
DEXMEDETOMIDINA 100MCG/ML 2ML-FR-AM,Dexmedetomidina,125,6
FENILEFRINA 10MG/ML AMP 1ML,Fenilefrina,119,5
ALGINATO DE CALCIO E SODIO GEL,Alginato de Cálcio e Sódio,117,12
"Tocilizumabe 162mg Seringa Preenchida 0,9mL",Tocilizumabe,127,6
Aciclovir 250mg INJ,Aciclovir,114,4
AGUA DESTILADA 1.000ML (SOROTERAPIA),Água destilada,122,5
SORO ANTIBOTROPICO,Veneno de Bothrops,113,5
Isometepteno 30mg+cafeína 30mg+DipiRONA 300mg Drg,"Isometepteno, Cafeína, Dipirona",131,13
FAULDLEUCO (FOLINATO DE CALCIO) 50MG,Folinato de Cálcio,122,8
SULFAMETOXAZOL+TRIMETROPIMA (400MG+80MG) CPR,Sulfametoxazol e Trimetropima,127,12
"ACIDO VALPROICO 250MG/5ML XAROPE DOSE 2,5 ML",Ácido Valproico,127,5
Miflonide 400mcg Cap inal (Não Padrão),Budesonida,122,4
CloNIDina 150mcg/ml Amp. 1ml,Clonidina,119,4
AMOXICILINA  500MG - CAPS,Amoxicilina,117,4
"ENALAPRIL, MALEATO COMP 10MG",Enalapril,118,4
BCG 40MG - AMPOLA,Bacilo de Calmette-Guérin,113,11
SINTEZYS 150MG 3 CP,Clozapina,115,3
Fator VIII de Coagulação 500 UI Frasco-ampola + Diluente 5ml - Ministério da Saúde,Fator VIII de Coagulação,134,7
Olimel N4E Bolsa 1000ml,"Aminoácidos, glicose, eletrólitos, lipídios",117,17
Annita 500 Mg Cp.,Nitazoxanida,112,5
Dextrano+hipromelose Colírio 15ml,"Dextrano, Hipromelose",119,8
Paracetamol + Codeína 500/30mg Cp,"Paracetamol, Codeína",119,8
ERITROPOETINA HUMANA 4.000 UI 4000 UI,Eritropoetina Humana,123,8
MORFINA SULFATO COMPRIMIDO 30MG @,Morfina,120,3
Albendazol 400mg Cp. ,Albendazol,115,5
DASATINIBE 100MG (SESA),Dasatinibe,117,3
Renitec (enalapril)  20mg Comprimido,Enalapril,120,4
Pantoprazol 40mg cp,Pantoprazol,113,5
BICARBONATO DE SODIO 1 mg + CLORETO DE POTASSIO 1 mg + CLORETO DE SODIO 1 mg + MACROGOL 1 mg,"Bicarbonato de Sódio, Cloreto de Potássio, Cloreto de Sódio, Macrogol",149,29
NOVALGINA 300MG INFANTIL SUP,Dipirona,116,4
Floratil  200mg Envelope,Saccharomyces boulardii,114,8
ACIDO ACETILSALICILICO 100 MG - COMP,Ácido Acetilsalicílico,120,8
CETOCONAZOL + BETAMETASONA CREME 30G,"Cetoconazol, Betametasona",121,11
MIDAZOLAM 5MG/ML 10ML AMP,Midazolam,118,4
amioDARONA 50MG/ML 3ML AMP,Amiodarona,119,4
SIMETICONA 75 MG/ML FR 10 ML,Simeticona,118,4
Donaren 50mg Cp. Rev.,Trazodona,114,4
Atorvastatina 10mg Comprimido,Atorvastatina,117,6
Obinutuzumabe 1000 mg fr amp  ( Anticorpo monoclonal ),Obinutuzumabe,127,6
Soro Glicosado 5% 100mL [30532],Glicose,121,3
FLUCONAZOL CAPSULA GELATINOSA DURA 150MG,Fluconazol,124,5
HIDROCLOROTIAZIDA 25MG/5L 50ML MANIPULADO,Hidroclorotiazida,126,8
METARAMINOL  INJETAVEL - 1 ML 10 MG/ML AMP,Metaraminol,125,4
METOPROLOL (TARTARATO) 10MG/ML 30 ML FR,Metoprolol,125,4
SULFAMETOXAZOL/TRIMETROPRIMA 800/160MG CP,Sulfametoxazol e Trimetoprima,125,13
ALTEPLASE 50MG - FR AMP,Alteplase,115,4
Micardis 80 Mg Cp,Telmisartana,112,5
"Neostigmina 0,5mg/ml Ampola 1ml",Neostigmina,120,4
Ceftazidima + Avibactam 2000mg+500mg Fr Amp,Ceftazidima + Avibactam,124,10
SULFAMETOXAZOL + TRIMETOPRIMA 400 MG + 80 MG COMPRIMIDO,Sulfametoxazol + Trimetoprima,131,13
Vaselina Sólida 30g,Vaselina,114,3
CLORIDRATO DE TIORIDAZINA 25 mg,Tioridazina,119,5
INFLIXimabe 10mg/mL,Infliximabe,114,4
Imipra 25mg Cp rev (Med. Controlado) (Não Padrão),Imipramina,125,4
CEFUROXIMA SODICA 750MG FAM,Cefuroxima,119,4
AmiTRIPtilina 25MG COMP. (TRYPTANOL),Amitriptilina,122,6
Salmeterol+Fluticasona 25+125mcg/jato spray,Salmeterol e Fluticasona,124,10
CefTAZidima PO PARA SOLUCAO INJETAVEL 1G,Ceftazidima,125,5
AloPURinol 300 mg,Alopurinol,112,5
BECLOMETASONA  SPRAY ORAL 50 MCG/JAT FR,Beclometasona,123,5
CIMETIDINA 150MG / ML  IM / IV,Cimetidina,118,4
CIPROFLOXACINO + HIDROCORTISONA COLIRIO FRASCO  - NP,"Ciprofloxacino, Hidrocortisona",128,12
"RASBURICASE 1,5MG PO FA",Rasburicase,117,5
DipiRONA 500MG CPR,Dipirona,113,4
"SOLUCAO FISIOLOGICA 0,9% 500ML",Cloreto de sódio,122,7
ACIDO ACETIL SAL INFAN 100MG 10 CP AV,Ácido Acetilsalicílico,120,8
Piemonte Env 4mg,Montelucaste,112,4
N-ACETILCISTEINA 20MG/1ML XAROPE PED,N-Acetilcisteína,125,9
LAMOTRIGINA 100MG - COMPRIMIDO,Lamotrigina,119,5
Fomblin Hcr 3% + Alantoína 1% + Óleo de Silicone 10%  Pote 100g Creme,"Fomblin Hcr, Alantoína, Óleo de Silicone",139,17
(NAO PADRAO) ACIDO VALPROICO 500MG COMPRIMIDO,Ácido Valproico,124,5
"Isossorbida, Dinitrato 10mg Cp",Dinitrato de Isossorbida,118,9
ALENIA 12/400 (01 CAPSULA DE 12/12 HORAS),Budesonida + Formoterol,125,8
PROPRANOLOL 40 MG - COMP,Propranolol,115,4
PERTUZUMABE+TRASTUZUMABE 600 MG + 600 MG SOL. INJ. - QT,"Pertuzumabe, Trastuzumabe",134,11
"SOLUCAO DE DIALISE PERITONEAL 4,25% BOLS 6000ML",Dextrose,128,3
VASOGARD 100MG 30 CP C,Pentoxifilina,116,6
ANASTROLIBBS (ANASTROZOL) 1MG COMP,Anastrozol,121,4
AMICACINA 500MG / 2ML,Amicacina,116,4
DOCETAXEL 20MG/ML,Docetaxel,114,4
Medicamento do paciente (uso eventual) 06,"Desculpe, mas você não forneceu um nome específico de medicamento. Por favor, forneça o nome do medicamento para que eu possa identificar a substância ativa.",115,42
Corentel 10mg Cp rev (Importado) (Não Padrão),Bisoprolol,123,5
PIRIMETAMINA 25 mg,Pirimetamina,114,4
MC: METOPROLOL ( SELOZOK  25 ,Metoprolol,121,4
BISACODIL 5 MILIGRAMAS,Bisacodil,116,5
HIDROXIDO DE FERRO III 100 MILIGRAMAS (COMPRIMIDO),Hidróxido de Ferro III,126,9
ANLODIPINO 5MG (NORVAX),Amlodipino,119,5
DIPIRONA 500MG/ML SOLUCAO ORAL DOSE 13 GOTAS,Dipirona,126,4
ERTAPENEM SODICO PO LIOFILO INJETAVEL 1G,Ertapenem Sódico,126,8
FUROSEMIDA 40 mg,Furosemida,112,4
ACIDO ACETILSALICILICO COMP C/100MG,Ácido Acetilsalicílico,120,8
CiclosPORINA 25mg Cap,Ciclosporina,113,6
N.P. - ESCITALOPRAM 10MG CP,Escitalopram,117,4
GLUTAMINA 5G - SACHÊ,Glutamina,116,3
MALEATO DE ENALAPRIL 5 MILIGRAMAS (COMPRIMIDO),Enalapril,126,4
"Diluição MORFINA em CLORETO SODIO 0,9% 100ML (CONTINUO)",Morfina,131,3
RPA METOCLOPRAMIDA 5MG/ML AMP.2ML(PLASIL) IV (ADULTO),Metoclopramida,133,6
DIPIRONA 1000MG/2ML AMP,Dipirona,117,4
SOROTERAPIA - GLICOSE 5% 500ML FR,Glicose,122,3
"Dutasterida 0,5mg/mL + Tansulosina 0,4 mg/mL Sol oral 60mL (Não Padrão)","Dutasterida, Tansulosina",137,9
"AMICACINA, SULFATO 50MG/ML AMP 2ML",Amicacina,123,4
CISATRACURIO 10MG/5ML EV PED (MEDICAMENTO DE RISCO),Cisatracurio,128,6
Tranexâmico Ácido 250mg Cp.,Ácido Tranexâmico,116,6
MC: LEVETIRACETAM  10 ,Levetiracetam,118,5
HidroCLOROtiazida - comprimido 25 mg,Hidroclorotiazida,120,8
Persantin 10mg/2ml Ampola 2ml,Dipiridamol,119,6
NitroGLICERINA 5MG/ML  5ML SOL.INJ CONCENTRADO - SOLUÇÃO,Nitroglicerina,131,4
SALIVA ARTIFICIAL FRS,Carmelose Sódica,112,7
ESPIRONOLACTONA 25MG/ 5ML-100 ML,Espironolactona,121,5
"Rivotril 0,5 mg comp (RQ) (Port344/98)",Clonazepam,124,4
"Pirimetamina, Cloridrato de 25mg Cpr",Pirimetamina,120,4
Cálcio MDK,Cálcio,111,4
CRANBERRY 1 mg,Cranberry,112,3
Tramadol 100mg Amp 2mL (50mg/mL),Tramadol,121,3
"Bexsero Susp inj 0,5mL",Meningococo B (recombinante),117,11
TRASTUZUMABE ENTANSINA 20MG/ML,Trastuzumabe Entansina,120,8
"SOLUCAO CLORETO DE SODIO 0,9% 1000ML",Cloreto de Sódio,126,7
LUITEINA 10 mg + ZEAXANTINA 2 mg,"Luteína, Zeaxantina",120,9
Diosmina+Hesperidina 50 mg/450 mg comp,"Diosmina, Hesperidina",119,8
NITAZOXANIDA 20MG/1ML SUSPENSAO,Nitazoxanida,122,5
"cloNIDina 0,1MG OU 100 MICROGRAMAS (ATENSINA)",Clonidina,125,4
CLORETO DE SODIO 0.9% - FRASCO 1000ML,Cloreto de Sódio,126,7
CefTAZidima 1G +  AD 10ML  EV BI/BS - CARDIOPED,Ceftazidima,130,5
MESNA 400MG/4ML AMP 4ML - PRIMEIRA DOSE,Mesna,123,2
"Haloperidol 5 mg/1 ml, amp 5mg/ml",Haloperidol,121,4
PEMBROLIZUMABE,Pembrolizumabe,112,6
"AloPURinol 100mg, comprimido (ORAL)",Alopurinol,120,5
CLORETO DE SODIO 0.9% - AMP 10ML,Cloreto de Sodio,123,7
SEROQUEL 100MG CP,Quetiapina,113,4
Stugeron Comprimido 25mg,Cinarizina,114,4
HIDRALYTE 45 LARANJA 500ML FR NATULAB,Hidrato de Sódio,121,8
Cinarizina 25mg,Cinarizina,112,4
METOCLOPRAMIDA+SIMETICONA+PANCREAT.+PEPS. CPR,"Metoclopramida, Simeticona, Pancreatina, Pepsina",126,19
DOCEtaxel SOLUCAO INJETAVEL PRONTA PARA USO 20MG/ML 6ML##,Docetaxel,133,4
"TERBUTALINA  0,5MG/ML AMPOLA 1ML",Terbutalina,123,4
SUFentanila 50MCG/ML 1ML SOL.INJ,Sufentanila,122,5
ACIDO FOLINICO 10MG/ML ENDOVENOSO,Ácido folínico,121,5
"BUpivacaina 0,5% s/v - 20mL",Bupivacaína,122,6
DENOSUMABE 60MG/ML 1ML SOL.INJ - QT,Denosumabe,123,4
LevoTIROXina 88mcg Comprimido,Levotiroxina,118,6
FERRONIL 40MG COMPRIMIDO,Ferro,116,2
MC: RIVAROXABANA 1 ,Rivaroxabana,116,5
"(Do paciente ) Valsartana 80 mg + Hidroclorotiazida 12,5 mg cp","Valsartana, Hidroclorotiazida",131,12
MC: RIVAROXABANA,Rivaroxabana,113,5
NiFEDipina AÇÃO RETARDADA 20 mg,Nifedipina,118,5
Alfaepoetina 10.000UI/mL Ser,Alfaepoetina,118,6
Clopidogrel 75 mg  cp,Clopidogrel,114,4
CicloFOSFAMida 50MG CPR,Ciclofosfamida,116,7
MC: SOMALGIN 01CP ,Ácido acetilsalicílico,114,7
MESNA 400MG/4ML AMP 4ML - TERCEIRA DOSE,Mesna,123,2
CIANOCOBOLAMINA (VIT B12) 1000MCG SOL INJ - AMP 1ML OU 2ML,Cianocobalamina,135,6
Benzetacil 1200.000 10 Fr,Benzilpenicilina benzatina,117,10
"DIMENIDRATO 30MG,PIRIDOXINA 50MG DL 10ML-PED","Dimenidrinato, Pridoxina",127,10
TACROLIMO 1MG CAPS (CEAF),Tacrolimo,118,3
Biperideno 5mg inj. amp. 1mL,Biperideno,120,4
ANLODIPINA 5 MG CMP,Amlodipina,114,5
Água Para Injetáveis - 500 mL,Água,115,2
BACLOFENO 10 mg,Baclofeno,113,5
"SUPLEM. VITAMINICO (A, B1, B2, B5, B8, C, D, E) - SOL. ORAL","Vitaminas A, B1, B2, B5, B8, C, D, E",139,22
BECLOMETASONA 250MCG SPRAY,Beclometasona,117,5
Plenance EZE 20/10mg Cap (Não Padrão),Ezetimiba,121,4
"Nilperidol 0,05mg + 2,5mg/ml Ampola 2ml",Haloperidol,126,4
LEVOMEPROMAZINA SOL ORAL 40MG/ML FR 20ML,Levomepromazina,123,6
LAMOTRIGINA 100MG - COMPRIMIDO,Lamotrigina,119,5
Actonel Comprimido Revestido 150mg,Risedronato Sódico,117,7
DOXOrrubicina 50mg Fr/amp,Doxorrubicina,117,5
Ceftazidima + Avibactam (2g + 500mg) Fa.,"Ceftazidima, Avibactam",125,10
Escopolamina 1mg Adesivo (Não Padrão),Escopolamina,120,3
Clortalidona 25mg Cp,Clortalidona,113,4
Fosfato de sodio monobasico + fosfato de sodio dibasico Sol.retal  Fr 130 mL (RQ),"Fosfato de sódio monobásico, Fosfato de sódio dibásico",138,24
BIPERIDENO 2MG - CP,Biperideno,115,4
ELIQUIS 5 MG COMPRIMIDO,Apixabana,116,4
IMUNOGLOBULINA HUMANA 50MG/ML (5%) FR 100ML,Imunoglobulina Humana,126,7
"Dexametasona 4mg/mL Injetável c/ 2,5mL",Dexametasona,125,5
Somalgin Cardio 325 Mg Cp.,Ácido Acetilsalicílico,114,8
TOPIRAMATO 25MG COMP REVESTIDO,Topiramato,116,3
[ N.P] CLORETO DE SODIO SOL INJ 20% AMP 10ML (MAV),Cloreto de Sódio,131,7
Avamys spray 1 frasco com 120 doses,Fluticasona furoato,117,8
CEFTRIAXONA SODICA 1G (FRASCO AMPOLA) SC,Ceftriaxona,125,6
MEDICAMENTO NAO PADRAO,"Desculpe, mas não consigo fornecer a substância ativa para ""MEDICAMENTO NAO PADRAO"" porque isso não parece ser o nome de um medicamento específico. Por favor, forneça o nome correto do medicamento.",114,55
Budesonida 400 mcg caps c/inalador,Budesonida,118,4
VANCOMICINA 500MG FR AMP - UTIN,Vancomicina,117,3
FENITAL 50MG/ML-5ML AMP IV-FENITOINA,Fenitoína,122,5
Oseltamivir 30mg Cap,Oseltamivir,114,5
Adenosina 3mg/mL inj. ampola c/ 2mL,Adenosina,122,3
PANTOPRAZOL SODICO SESQUI-HIDRATADO 20 mg,Pantoprazol,124,5
CefaLOTina 1G + AD 10ML - EV - NEO,Cefalotina,121,5
"Carvedilol 3,125mg Cp",Carvedilol,115,4
CAPECITABINA 500MG CP REV,Capecitabina,115,5
Lidocaína 1% s/ vasoconstritor inj. frasco-ampola c/ 20mL,Lidocaína,132,5
ATORVASTATINA 3 mg + EZETIMIBA 5 mg,"Atorvastatina, Ezetimiba",123,11
Tisseel Lyo - Kit 2ml ,Fibrinogênio e Trombina,116,10
Telmisartana 40mg Cp,Telmisartana,113,5
AMPICILINA 1G - Infantil,Ampicilina,115,5
[MPP] VOLARE (ENOXAPARINA) 80MG,Enoxaparina,121,5
TRAStuzumabe DERUXTECANA 100mg Inj,Trastuzumabe Deruxtecano,121,9
PROMETAZINA 25 MG COMPRIMIDO,Prometazina,116,4
"Hioscina 20mg + dipirona 2,5g/5ml, amp","Hioscina, Dipirona",126,8
MACROGOL+ASSOCIACOES ENVELOPE SABOR LIMAO 14G,Macrogol,127,3
REGORAFENIBE 40MG VO QT,Regorafenibe,115,4
Nitrato de Prata 1% Colirio 3ml,Nitrato de Prata,120,6
AMICACINA 500MG/2ML - AMP,Amicacina,117,4
TIAMINA CLORIDRATO 100MG/ML   1ML,Cloridrato de Tiamina,122,9
"Gestinol 0,075mg/0,03mg Drágea",Etonogestrel e Etinilestradiol,122,12
VALAciclovir 500mg Cp rev,Valaciclovir,115,4
MESALAZINA 2 g,Mesalazina,112,4
"CarVEDilol COMPRIMIDO 3,125MG",Carvedilol,118,4
Nitrato De Isoconazol 10mg/g + Valerato De Diflucortolona 1mg/g  Bisnaga 30g,"Isoconazol, Diflucortolona",140,12
ACLASTA 5MG/100ML 1 FRASCO,Ácido zoledrônico,119,7
LIDOCAINA 25MG+PRILOCAINA 25MG CREME,"Lidocaína, Prilocaína",122,11
Hidroxietilamido + Cloreto De Sódio 6% Inj. Frasco C/ 500ml (voluven)*,Hidroxietilamido + Cloreto de Sódio,138,15
TRAStuzumabe 150MG - BI (MEDICAMENTO DE RISCO),Trastuzumabe,125,5
Estudo Garden - Glenzocimabe/Placebo Frasco-Ampola (Pesquisa Clínica),Glenzocimabe,129,6
DIAzepam 5mg Comprimido,Diazepam,115,3
Puran T4 (levotiroxina) 25mcg Comprimido,Levotiroxina,123,6
"Isossorbida, Monon 10mg/ml  Ampola 1ml",Isossorbida Mononitrato,122,8
Tiossulfato de sódio 4% Inj 2mL,Tiossulfato de sódio,123,9
"Bicarbonato de sodio 8,4% 10 mL (84 mg/mL) 1 meq = 84 mg amp",Bicarbonato de sódio,134,8
"Bicarbonato de Sodio 8,4% solucao 84 mg/mL frasco 250 mL",Bicarbonato de Sódio,130,8
SERTRALINA 100MG,Sertralina,112,4
"Amicacina  250mg/mL 2mL, ampola (IM, IV)",Amicacina,126,4
PASTA D'AGUA+MENTOL E CANFORA 150G,Mentol e Cânfora,122,8
DIMENIDRINATO+PIRIDOXINA CLORIDRATO  50+50MG 1ML IM,"Dimenidrinato, Piridoxina Cloridrato",131,15
INSULINA HUMANA NPH 100UI/ML FAM,Insulina Humana NPH,120,7
RIFAMP 75MG + ISONIAZ 50MG + PIRAZ 150MG - CP ORODISPERSIVEL,Rifampicina + Isoniazida + Pirazinamida,135,15
OXcarbazepina 60mg/mL Susp Oral - Trileptal,Oxcarbazepina,122,6
FLUCONAZOL CAPSULA C/100MG,Fluconazol,117,5
GENTAMICINA 80 MG AMP 2 ML,Gentamicina,117,4
NOREPinefrina 1MG/ML- EV- BS - PED (MEDICAMENTO DE RISCO),Norepinefrina,130,5
Paracetamol 500mg Comprimido,Paracetamol,115,4
LEVOFLOXACINA 500MG/100ML - EV - PED,Levofloxacina,122,6
Tridil 50 mg/10 mL amp (5 mg/mL) (RQ) (MPP),Nitroglicerina,128,4
"HEMITARTARATO DE RIVASTIGMINA 9,5 mg",Rivastigmina,123,5
LORazepam 1 mg Cp.,Lorazepam,114,4
LIDOCAINA 10% SOL. SPRAY TOPICO FR 50ML,Lidocaína,122,5
HIDROXIDO MAGNESIO SUSPENSAO,Hidróxido de Magnésio,117,9
Prednisona 20mg Cp.,Prednisona,114,4
SULFATO DE MAGNESIO 10% 10ML (MED. ALTO RISCO),Sulfato de Magnésio,127,7
PALBOCICLIBE 125MG CAP  - QT,Palbociclibe,118,6
FINASTERIDA 5MG CP,Finasterida,112,3
"Metoprolol, Succinato 50mg Cp Rev Lib Prolongada",Metoprolol,123,4
CLORPROMAZINA 5MG/ML AMP 5 ML,Clorpromazina,120,5
"RIVOTRIL 0,5MG - CP",Clonazepam,117,4
Linezolida 600 mg  bolsa 300 ml,Linezolida,118,4
ANESTALCON - COLIRIO,Cloridrato de Nafazolina + Maleato de Feniramina,113,17
MEROpenem 1G ,Meropenem,112,3
BISSULFATO DE CLOPIDOGREL 75 mg,Clopidogrel,119,4
ACIDO TRANEXAMICO 250MG 5ML AMPOLA,Ácido Tranexâmico,119,6
QUEtiapina 100 mg comprimido revestido,Quetiapina,118,4
Clozapina 100mg cp.,Clozapina,113,3
NiFEDipina 10mg cp,Nifedipina,114,5
"Cloreto De Sódio 0,9% 100ml | Solução Injetável",Cloreto de Sódio,126,7
Lenalidomida 15mg Cap (Med. Controlado),Lenalidomida,120,5
INDOMETACINA 25MG CAPSULA,Indometacina,116,4
FENITOÍNA 100MG - COMPRIMIDO,Fenitoína,118,5
Votrient 400mg Comprimido Revestido,Pazopanibe,117,5
NISULID 50MG/ML 15ML (300GOTAS) FR,Nimesulida,124,4
Sugamadex 100mg/ml Amp 2ml,Sugamadex,117,5
PAROXETINA 20MG (NAO PADRONIZADO),Paroxetina,120,4
Menelat 30mg Cp rev (Med. Controlado) (Não Padrão),Mirtazapina,125,5
Cetoprofeno IV 100 mg  FA,Cetoprofeno,116,5
MC: BISOPROLOL 5MG ,Bisoprolol,117,5
Prednisona 5mg Cp. *,Prednisona,115,4
PARACETAMOL 750MG - COMPRIMIDO,Paracetamol,118,4
TRAMAL 50MG/ML AMP 1ML,Tramadol,117,3
"PAMIDRONATO DISSODICO 90MG + SF0,9% 250ML",Pamidronato Dissódico,126,8
QUIMIOTERAPIA - BUSCOPAN COMPOSTO 5ML AMPOLA EV,Butilbrometo de escopolamina + dipirona sódica,126,16
Omeprazol 40mg Inj. ,Omeprazol,117,5
Metoprolol Tartarato 100mg Cp. Rev.,Metoprolol,119,4
Nivolumabe 10 mg/mL solucao 10 mL (100 mg/frasco-ampola ) ,Nivolumabe,129,4
CeFAZolina PO LIOFILO INJETAVEL 1G,Cefazolina,122,4
MetoTREXATO SOLUCAO INJETAVEL 100MG/ML 50ML##®,Metotrexato,130,4
ANTIRRABICO (SAR),Vírus rábico inativado,113,9
"Vick 44E (1,3+13,3)mg/mL Xpe 240mL (Não Padrão)",Dextrometorfano,132,6
ESCOPOLAMINA + DIPIRONA 5ML AMP,"Escopolamina, Dipirona",119,7
Neozine 100 Mg Cp.,Levomepromazina,113,6
Apresolina 25mg Drg. ,Hidralazina,115,5
Dorzolamida 20mg/ml + Timolol 5mg/ml Solução Oftálmica Frasco 5ml,"Dorzolamida, Timolol",134,9
Bactrin 400/80mg amp 5 ml (Sulfametoxazol 400 mg + Trimetoprima 80 mg),Sulfametoxazol + Trimetoprima,138,13
MIRABEGRONA 50 mg,Mirabegrona,114,5
IMIPRAMINA 25MG COMPRIMIDO,Imipramina,116,4
VASopressina 20U Amp 1mL - Encrise,Vasopressina,121,5
"Isossorbida, Mononitrato de 20mg CPR",Mononitrato de Isossorbida,119,9
DOBUTAMINA 250MG/20ML - DILUIDO EM SF (MPP) - (UTIN),Dobutamina,132,4
Acetato De Clostebol 5mg/g + Sulfato De Neomicina 5mg/g Creme Dermatológico 30g,"Acetato de Clostebol, Sulfato de Neomicina",138,16
HIPO HIDRATAÇÃO FISIOLÓGICA 500ML,Cloreto de Sódio,121,7
MC: CECLOR BD 500MG ,Cefaclor,115,4
"PELARGONIUM SIDOIDES 307,39 mg/ml",Pelargonium Sidoides,120,6
AGUA OXIGENADA 10 VOL ALMOTOLIA,Peróxido de Hidrogênio,120,10
"Tecnomet 2,5mg Cpr.",Metformina,115,3
Bilyt 300mg Cp (Med. Controlado) (Não Padrão),Bicalutamida,124,5
CEFADROXILA CAP 500MG,Cefadroxila,115,5
TIOPENTAL 1G - FR-AMP,Tiopental,116,3
LANSOPRAZOL CAPSULA,Lansoprazol,114,5
"Alphagan P 0,15% 1,5mg/mL Sol oftálmica 5mL (Não Padrão)",Brimonidina,135,4
OXACILINA SÓDICA 500MG – PÓ LIOFILIZADO - FRASCO-AMPOLA,Oxacilina Sódica,133,7
"Ampicilina + Sulbactam 1g + 0,5g  Po Liofizado frasco-ampola",Ampicilina + Sulbactam,134,10
SOROTERAPIA - AGUA BIDESTILADA SOL INJ FR 500ML,Água Bidestilada,126,6
Micofenolato de mofetila 50mg (NÃO PADRONIZADO),Micofenolato de mofetila,126,10
HUMULIN REG 100UI/ML-10ML FR/AMP SC/IV/IM-INSULINA HUMANA,Insulina Humana,133,5
FUROSEMIDA SOLUCAO 10MG/ML 100ML,Furosemida,121,4
CISATRACÚRIO 2MG/ML 5ML,Cisatracúrio,120,6
"Oxacilina 500mg, injetável",Oxacilina,116,4
Dolutegravir 5mg cp. revestido,Dolutegravir,118,5
Simeticona 75mg/mL Gts ,Simeticona,116,4
"CLONAZEPAM 2,5MG/ML",Clonazepam,117,4
FENOFIBRATO 250MG CPR,Fenofibrato,115,5
MitoXANtrona 20mg Inj.,MitoXANtrona,117,6
Fluconazol 200mg (2mg/ml) Bolsa 100ml - Halex Istar,Fluconazol,127,5
SUCCINATO SODICO DE HIDROCORTISONA 500MG (AMPOLA),Hidrocortisona,125,6
Alteplase 50mg Injetavel,Alteplase,115,4
sulfato FERROSO (60MG DE FERRO ELEMENTAR),Ferro,121,2
AMIODARONA 150MG/3ML AMP (DOSE DE MANUTENCAO),Amiodarona,126,4
DipiRONA SOLUCAO INJETAVEL 500MG/ML 2ML,Dipirona,126,4
Módulo Lactopró - Probiatop Sachê 1 G ( Lactobacillus ),Lactobacillus,129,5
PREGABALINA 75MG CPR,Pregabalina,114,4
PRAVASTATINA 10 mg,Pravastatina,114,5
IBUPROFENO 50MG/ML SOL ORAL FR 30ML (ALIVIUM),Ibuprofeno,128,5
AMOXICILINA+CLAVULANATO 500 + 125 MG COMPRIMIDO,Amoxicilina + Clavulanato,126,9
Topiramato 50mg cp,Topiramato,112,3
CETILPERIDINO 25MG/ML SOLUCAO COLUTORIA DOSE 10 ML,Cetilpiridínio,127,7
"Onicit NVPO 0,075mg/1,5mL Sol inj",Palonosetron,122,5
AGUA BIDESTILADA FRASCO C/ 1000ML,Água,121,2
CETUXimabe 5mg/mL,Cetuximabe,113,5
VORICONAZOL 200MG,Voriconazol,113,5
LEVOMEPROMAZINA COMPRIMIDOS,Levomepromazina,116,6
FLUoxetina 20 MG COMPRIMIDO,Fluoxetina,117,5
Perindopril 4mg Cp (Não Padrão),Perindopril,119,4
AZITromicina 500 mg comprimido revestido,Azitromicina,118,4
PANTOprazol 40mg Frasco-ampola #,Pantoprazol,120,5
CARBOplatina 10mg/ml 15ml sol. Inj - QT,Carboplatina,122,5
PredniSONA 5mg Comprimido - Ems,Prednisona,118,4
"ESCITALOPRAM, OXALATO COMPRIMIDO C/10MG",Escitalopram,122,4
Empagliflozina 10 Mg Cp,Empagliflozina,116,7
MC: AAS 81MG ,Ácido Acetilsalicílico,113,8
Aldomet 500 Mg Cp.,Metildopa,112,3
IODETO DE POTASSIO 200MG - XAROPE  FR 100 ML,Iodeto de Potássio,125,8
GLIMEPIRIDA 4MG 30 CP CIMED GEN,Glimepirida,119,4
DIGOXINA 0.25MG CPR,Digoxina,114,3
BROMOPRIDA 5MG/ML 2ML CARRO EMERG AD 02 TERREO,Bromoprida,129,5
benzilpenicilina BENZATINA 1200000UI PO LIOFILIZADO FA,Benzilpenicilina Benzatina,128,10
Água,Água,107,2
Escopolamina 10 mg/mL fr 20 mL,Escopolamina,116,3
Xylestesin 10% Fr 50 Ml Spray ( Lidocaína ),Lidocaína,125,5
Tetralysal 300mg Cápsula,Limeciclina,116,5
COMPLEXO PROTROMBINICO PO LIOFILO INJETAVEL 500UI+DILUENTE 20ML,Complexo Protrombínico,133,7
SINvastatina 40MG CP,Sinvastatina,114,5
TERLIPRESSINA ACETATO 1MG FR-AMP,Terlipressina,119,4
OXACILINA 500MG (FRASCO) IV,Oxacilina,119,4
LACTOBACILLUS ACIDOPHILUS+RHAMNOSUS+BIFIDOBACTERIUM+POLIDEXTROSE 1 g,"Lactobacillus Acidophilus, Rhamnosus, Bifidobacterium, Polidextrose",139,25
FENOBARBITAL 100MG - COMPRIMIDO,Fenobarbital,119,5
"ESPIRAMICINA 1,5 MUI (500MG) COMPRIMIDO",Espiramicina,124,4
CASSIA ANG.+CASSIA FIS.+TAMARIN.+CORIAN. CPR,"Sene, Cássia e Tamarindo",126,11
METOCLOPRAMIDA 5MG/ML C/2ML INJ,Metoclopramida,122,6
"BICARBONATO DE SODIO 8,4% SOL. P/ HEMODIALISE FR 6,2L",Bicarbonato de Sódio,134,8
CARBAMAZEPINA CR 400MG COMPRIMIDO,Carbamazepina,119,5
TRIANCINOLONA (ACETONIDA) 1MG/G,Triancinolona Acetonida,120,8
Trometamina Cetorolaco Sl 10mg cp,Cetorolaco de Trometamina,118,9
MC: FORXIGA 1CPCEDO ,Dapagliflozina,118,8
Imunoglobulina Humana 5g (10%) Frasco 50ml,Imunoglobulina Humana,123,7
LEVOFLOXACINO 5MG/ML 150ML SOL.INJ,Levofloxacino,123,6
SULFATO DE AMICACINA 250MG/ML - 2ML (500MG) – SOLUÇÃO INJETÁVEL - AMPOLA,Amicacina,139,4
Lidocaina 2% C/V 20 ml FA,Lidocaina,117,4
METFORMINA 850 MG - COMP,Metformina,113,3
REGENCEL( ACIDO RETINOICO + ASSOCIACOES ) POMADA OFTALMICA,Ácido Retinoico,129,5
CLORIDRATO DE METOCLOPRAMIDA 5MG/ML - 2ML (10MG) – SOLUÇÃO INJETÁVEL - AMPOLA,Metoclopramida,142,6
NORVASC 5MG CPR,Amlodipina,112,5
FOSFATO POTASSICO 10ML (2 MEQ/ML) AMP,Fosfato de Potássio,123,9
Linezolida 600mg/300mL Sol inj,Linezolida,118,4
Tridil 25mg Inj. Ampola C/ 5ml,Nitroglicerina,121,4
Delabaxi (delafloxaxino) 300mg ampola,Delafloxaxino,121,5
Tetraciclina 500 Mg Cp.,Tetraciclina,115,5
"DEXAMETASONA 10MG/2,5ML",Dexametasona,119,5
ZOLTEC 150MG CAPS GEL-FLUCONAZOL,Fluconazol,122,5
Akineton 2mg Cp.,Biperideno,113,4
"DEXAmetasona 4mg/ml Amp 2,5ml",Dexametasona,121,5
DECADRON 4MG COMPRIMIDO,Dexametasona,115,5
FENITOINA 100MG - COMPRIMIDO,Fenitoína,117,5
CefaLOTina 1G SOL INJ EV,Cefalotina,116,5
CETOCONAZOL 20MG/G CREME,Cetoconazol,116,5
BEVAcizumabe 400mg/16ml Fr-Amp (Convenio),Bevacizumabe,125,5
"NEOSTIGMINA (0,5MG/1ML) 0.5 mg/mL",Neostigmina,125,4
Acido Epsilon AMINOcaproico 4G SOL INJ,Ácido Epsilon Aminocapróico,120,10
FentaNILA 250MCG/5ML AMP,Fentanila,117,4
"Vasopressina 20 U/ml, amp 20UI/ml",Vasopressina,119,5
BuPROPiona Cloridrato 150mg cp,Bupropiona,117,4
AMOXICILINA SUSP ORAL 250MG/5ML FR 150ML,Amoxicilina,124,4
DIMORF 10 MG/ML AMP 1 ML,Morfina,117,3
ALBENDAZOL 40MG/ML SUSP. ORAL,Albendazol,120,5
LEVOFLOXACINO 750MG/100ML BOLSA,Levofloxacino,121,6
Olmesartana 40mg + HidroCLOROTiazida 25mg Comprimido Revestido,"Olmesartana, Hidroclorotiazida",130,13
FAULDFLUOR 2500MG,Fluoreto de Sódio,114,8
Cinetol 5 Mg/ml Amp.,Biperideno,114,4
fenoterol + ipratropio 0.05 + 0.02 mg/dose aerossol oral tubo 10mL,"Fenoterol, Ipratropio",135,10
"IMATINIB, MESILATO 100MG COMPRIMIDO - NP",Imatinib,122,3
CLINDAMICINA 600MG/4ML,Clindamicina,116,4
"Olmesartana 20mg + HidroCLOROTiazida 12,5mg Comprimido Revestido","Olmesartana, Hidroclorotiazida",132,13
Monoetanolamina 50mg/mL inj. ampola c/ 2mL,Monoetanolamina,123,4
"Clonazepam 20ml (2,5mg/ml) Gts",Clonazepam,121,4
"Lidocaína 50mg/g + Hidrocortisona Acetato 2,5mg/g + Alumínio 35mg/g + Óxido de Zinco 180mg/g Pomada Bisnaga 25g","Lidocaína, Hidrocortisona Acetato, Alumínio, Óxido de Zinco",159,29
IRRITRATIL 200MG 60 CAP,Hidróxido de Alumínio,117,10
Lidocaína 10% Spray 50ml | Solução Tópica,Lidocaína,123,5
INSULINA LISPRO DERIVADA-ADN RECOMBINAN 100 UI/ML-MED RISCO,Insulina Lispro,129,5
Dolutegravir Sódico 50 mg cp  revest.,Dolutegravir,121,5
Floratil 200mg/g Env 1g (Não Padrão),Saccharomyces boulardii,122,8
"Fenobarbital 200mg/2ml, injetável IV",Fenobarbital,120,5
Sotalol 160mg Cp,Sotalol,112,3
FUROSEMIDA 10MG/ML - 2ML – SOLUÇÃO INJETÁVEL - VIA ENDOVENOSA OU INTRAMUSCULAR - AMPOLA,Furosemida,144,4
DEXAmetasona 2mg (2mg/ml) Ampola 1ml,Dexametasona,124,5
ALBENDAZOL 400MG COMPRIMIDO,Albendazol,117,5
MEPERIDINA 100MG 2ML (CLOR.) - AMP.,Meperidina,122,4
Acetilcisteina-n 600 Mg/5g Env,Acetilcisteína,119,7
BuPROPiona 50mg Cap (Med. Controlado) (Não Padrão),Bupropiona,124,4
Enalapril 1mg/mL Sol oral 100mL (Não Padrão),Enalapril,125,4
"DIGOXINA 0,25MG - COMPRIMIDO SULCADO",Digoxina,122,3
ACIDOS GRAXOS ESSENCIAIS (AGE)+TCM+VIT A+VIT E SOL FR 20ML,"Ácidos Graxos Essenciais, Triglicerídeos de Cadeia Média, Vitamina A, Vitamina E",134,30
ERITROPOETINA SOL INJ 40000UI/ML SER SUBCUTANEO,Eritropoetina,126,6
HIDROXIDO DE ALUMINIO 60MG/ML - SUSPENSAO - FRASCO 100ML,Hidróxido de Alumínio,132,10
DIAZEPAM 10MG (NP),Diazepam,116,3
"MP - ADALImumabe 40mg/0,4ml Seringa",Adalimumabe,123,4
"Atrovent 0,25 Mg/ Ml Fr C/ 20 Ml ( Brometo de Ipratrópio )",Brometo de Ipratrópio,133,9
SIMETICONA EMULSAO 75 MG / ML 15ML,Simeticona,121,4
SERETIDE FR SPRAY 25MCG/125MCG N.P.,Salmeterol e Fluticasona,122,10
Cetuximab 100 mg/20 mL (Anticorpo Monoclonal),Cetuximab,126,5
DIPROPIONATO DE BECLOMETASONA  - CLENIL SPRAY FR 250MCG N.P.,Dipropionato de Beclometasona,132,11
BENZOCAINA GEL 200 MG/G 12G (SABOR MENTA),Benzocaína,125,5
"FLUMAZENIL 0,1MG / ML 5ML IV",Flumazenil,121,4
BENALET - PASTILHAS,"Difenidramina, Cloridrato de Amônio, Benzoato de Sódio",113,23
"CLORIDRATO DE NAFAZOLINA 0,5 mg/ml",Nafazolina,122,4
AMOXICILINA+CLAVULANATO DE POTASSIO 500+125 MG,Amoxicilina + Clavulanato de Potássio,125,14
Glicinato férrico + associações Susp oral 120mL,Glicinato férrico,122,7
CISPLATINA 1MG/ML 50ML FA,Cisplatina,118,4
Metilcelulose 2% soluçao oftalmica - fr 10mL 20 mg/mL,Metilcelulose,130,5
Valproato de Sódio 500mg,Valproato de Sódio,115,7
SULFATO FERROSO 300MG (60MG DE FERRO ELEMENTAR) DRAGEA NP,Sulfato Ferroso,130,6
Omeprazol 40mg FA,Omeprazol,114,5
Ácidos Graxos Essenciais Loção Hidratante Bisnaga 30g,Ácidos Graxos Essenciais,126,9
LOSARTAN 50MG COMP,Losartan,112,3
Digedrat 200mg Cap (Não Padrão),Metoclopramida,118,6
Hidro-beta-metil-butirato (hmb) 3g Sachê - Manipulado,Hidroxi-Metil-Butirato,127,11
TROPINAL SOL ML,Hioscina,110,4
Finasterida 5mg cp,Finasterida,112,3
"DENOSUMABE SOLUCAO INJETAVEL 120MG/1,7ML##®",Denosumabe,129,4
FENOBARBITAL (800MG/ 20ML) 40 mg/mL,Fenobarbital,123,5
AloPURinol 100MG,Alopurinol,112,5
AZITromicina 500MG VO,Azitromicina,113,4
ETOPOSIDO 100MG QT,Etoposido,113,4
DEXTROCETAMINA 50MG/ML - F/A 10ML,Dextroanfetamina,122,7
DIPIRONA 500 MG COMP,Dipirona,113,4
DOPamina 50MG / 10ML 10ML (MED. ALTO RISCO),Dopamina,126,3
DIAZEPAM 10MG/2ML SOL INJ IV,Diazepam,120,3
REMINIL ER 24 MG (NP),Galantamina,115,3
Uso Dom.: PERIVASC 1000MG,Ácido Aminocapróico,116,8
TRASTUzumabe 600mg/5mL,Trastuzumabe,118,5
Prontosan Solução 350 ml,Poliaminoácido e Undecilenamidopropil Betaína,114,17
"Clindamicina, cloridrato de, 300 mg ",Clindamicina,121,4
DipiRONA 500mg/mL Frasco 20mL | Solução Oral,Dipirona,123,4
Lisodren (Mitotano) 500mg comprimido,Mitotano,119,3
FENITOINA 100MG COMP (HIDANTAL),Fenitoína,119,5
GANciclovir 1mg/mL Sol Inj 100mL (bolsa),Ganciclovir,127,5
Protamina 1000UI/mL - 5mL,Protamina,117,2
FENOTEROL 5MG/ML (SOL P/ NEBULIZAÇÃO) - FR 20ML,Fenoterol,132,4
ACIDO ACETILSALICILICO 100MG,Ácido Acetilsalicílico,118,8
DipiRONA  INJETAVEL 2 ML 500 MG/ML AMP,Dipirona,124,4
FITOMENADIONA (VIT K) 10MG/ML 1ML - USO IM,Fitomenadiona,128,4
Pomalidomida 4mg Cápsula,Pomalidomida,117,5
IODO POVIDONA 5% SOL OFTALMICA,Iodo Povidona,119,5
Biperideno 5 mg/mL amp 1 mL (Port344/98),Biperideno,123,4
"BICARBONATO DE SODIO 8,4% 10ML",Bicarbonato de Sódio,122,8
FENOBARBITAL  40MG / ML GTS,Fenobarbital,119,5
Flagyl Nistatina Creme Vaginal Bisnaga 50g,"Metronidazol, Nistatina",122,10
Cefalexina 50mg/mL - 100mL,Cefalexina,118,4
ACIDO ASCORBICO 100 MG/ML - 5ML (500 MG) - AMP,Ácido Ascórbico,125,6
"Pegfilgrastim 6 mg solucao injetavel seringa 0,6 mL ",Pegfilgrastim,128,6
Levetiracetam 100 mg/mL sol. oral,Levetiracetam,117,5
Dexalgen (Ampola I e II),"Dexametasona, Cloridrato de Tiamina, Cloridrato de Piridoxina, Cianocobalamina",116,33
Sulfato Ferroso 40mg comprimido,Ferro,117,2
[MPP] SOL. GLICOSE 75% AMP 10 ML,Glicose,121,3
ACIDO TRANEXAMICO 50MG/ML - AMP 5ML,Ácido Tranexâmico,121,6
CIPROFLOXACINO CLORIDRATO COMPRIMIDO REVESTIDO 500MG,Ciprofloxacino,128,5
"Cloreto de potassio 60 mg/mL (0,6 meq/mL) fr 150 mL",Cloreto de potassio,128,7
ESCOPOLAMINA 10MG + DIPIRONA 250MG - COMPRIMIDO,"Escopolamina, Dipirona",126,7
LIDOCAINA GELEIA 2%  5G(DOSADORA),Lidocaína,124,5
"BRAVAN HCT 80MG/12,5MG 30 CP REV",Valsartana e Hidroclorotiazida,122,12
Terlipressina 1mg Frasco-ampola + Diluente Ampola 5ml,Terlipressina,126,4
Protamina 1000ui/ml 5ml Amp,Protamina,116,2
OXCARBAZEPINA 300MG CP,Oxcarbazepina,116,6
CETOPROFENO 50 MG CAPSULA,Cetoprofeno,116,5
"ELIQUIS 2,5MG 20 CP REV",Apixabana,118,4
"CloNIDina 0,100mg cp.",Clonidina,116,4
"Fenoterol 0,5% FR 20 mL",Fenoterol,117,4
Succinato De Metoprolol 50mg Cp,Metoprolol,117,4
Ciprofloxacino 500mg Cp.,Ciprofloxacino,115,5
metoclopramida 10 mg comprimido,Metoclopramida,117,6
COBALAMINA CRONOATIVA 5 mg/mL,Cobalamina,117,4
Aciclovir 250MG SOL.INJ,Aciclovir,115,4
COMPL. VITAM. A+B ADULTO - POLIVITAMINICOS,Vitaminas A e B,125,6
Atorvastatina 10mg Comprimido,Atorvastatina,117,6
ASPARTATO DE ARGININA 500 mg,Aspartato de Arginina,115,7
ClorproMAZINA CLORIDRATO SOLUCAO ORAL 40MG/ML 20ML @,Clorpromazina,131,5
"SORO FISIOLOGICO 0,9% 500ML - SOROTERAPIA",Cloreto de Sódio,128,7
Flutamida 250mg Cpr,Flutamida,114,4
"BETAmetasona 0,5mg/g + Gentamicina 1mg/g Creme Bisnaga 30g - Medley","Betametasona, Gentamicina",135,9
HEMITARTARATO DE ZOLPIDEM 10 mg,Zolpidem,119,4
Antara EV (LevETIRAcetam) 100 mg/mL 5 mL INJETÁVEL,Levetiracetam,129,5
Hidróxido de Alumínio + Magnésio + Simeticona Fr susp. 240 ml,"Hidróxido de Alumínio, Magnésio, Simeticona",130,19
Iressa 250 mg cp (QT),Gefitinib,115,4
Ciprofloxacino 400mg Inj. Frasco C/ 200ml,Ciprofloxacino,123,5
Fenoterol 100mcg/dose Frasco 200doses/10mL Inalação Oral Aerosol,Fenoterol,130,4
QUETIAPINA 25 mg cpr,Quetiapina,115,4
TC HISC - SEVOFLURANO 1ML/ML SOLUCAO INALATORIA FR 250ML,Sevoflurano,131,6
ZOLPIDEM COMP 10MG,Zolpidem,113,4
Lokelma 5g Env (Não Padrão),Saxagliptina,118,5
IRRITRATIL 200MG 30 CAP GELAT MOLE,Butilbrometo de Escopolamina,122,9
LACTULONA 667MG/ML XAROPE 120ML FR,Lactulose,122,4
Ginkgo Biloba Comprimido 80mg,Ginkgo Biloba,116,5
Diclofenaco sódico 50mg Cp rev lib retard,Diclofenaco sódico,120,7
"ESCOPOLAMINA 20MG + DIPIRONA 2,5G (BUSC.COMPOSTO)","Escopolamina, Dipirona",130,7
Solução Glicofisiológico 1:1 Frasco 500ml,"Cloreto de sódio, glicose",122,11
Naropin 1% (10mg/ml) Ampola 20ml #,Ropivacaína,122,6
Agomelatina Comprimido Revestido 25mg,Agomelatina,119,5
HEMI. DE NOREPinefrina 2MG/ML SOL. INJETAVEL AMP 4ML,Norepinefrina,131,5
Gabapentina 400mg Cap (Med. Controlado) (Não Padrão),Gabapentina,124,3
DIAZEPAM 5MG/ML - AMP. 2ML (DIEMPAX) (ADULTO) - MPP,Diazepam,134,3
DOCETAXEL,Docetaxel,109,4
GABAPENTINA 300MG (MPP),Gabapentina,117,3
Atenolol 25mg cpr,Atenolol,114,4
BENZILPENICILINA POTASSICA 5.000.000 UI - FA,Benzilpenicilina Potássica,125,11
HIDROCORTISONA 100MG,Hidrocortisona,113,6
ACETATO DE TOCOFEROL (E)+COLECALCIFEROL(D)+ VIT A (PURAVIT),"Acetato de Tocoferol, Colecalciferol, Vitamina A",133,17
FUROSEMIDA 40MG CP,Furosemida,113,4
"AZTREONAM FA 1,0G PO INJ - AZANEM (NP)",Aztreonam,126,4
OSCAL (CARBONATO DE CALCIO) 500MG COMP,Carbonato de Cálcio,120,7
QT PREDNISONA 20 MG CPR,Prednisona,115,4
NIMODIPINA 30 MILIGRAMAS (COMPRIMIDO),Nimodipina,122,5
HIDROCORTISONA 1% CREME - 30G,Hidrocortisona,119,6
SALMETEROL + FLUTICASONA SPRAY 25/125MCG FR,"Salmeterol, Fluticasona",124,10
Zetia 10mg Comprimido,Ezetimiba,114,4
Euthyrox 175mcg Comprimido,Levotiroxina sódica,116,9
Zolpiden 10mg Cp.,Zolpidem,114,4
(ALTA VIGILÂNCIA) GLUCONATO CALCIO 10% 10mL 100 mg/mL,Gluconato de Cálcio,132,9
ACETILCISTEINA GRANULADO 600MG HDJB,Acetilcisteína,121,7
CEFALEXINA 500MG CPR                      ,Cefalexina,114,4
LEUPRORRELINA ACETATO PO LIOFILO INJETAVEL 45MG + SERINGA DILUENTE ##,Leuprorrelina,136,5
MEROpenem 1g Frasco-ampola - ABL,Meropenem,119,3
"Proximetacaina 5,0mg/mL - 5mL (Anestalcon)",Proximetacaina,126,5
Neozine (LevoMEPROmazina) 25mg Comprimido,Levomepromazina,123,6
"VENLAFAXINA 37,5mg COMP **",Venlafaxina,118,5
"CLORETO DE SODIO 0,9% 250ML, SISTEMA FECHADO",Cloreto de Sódio,128,7
"DIGOXINA 0,25 mg",Digoxina,113,3
SEVORANE,Sevoflurano,109,6
montelucaste 4 mg comprimido mastigavel,Montelucaste,118,4
Prostokos 25 mcg  cp vag,Misoprostol,116,4
MEGAPEN 5.000.000 FR/AMP INTRAMUSCULAR,Ampicilina,124,5
LIDOCAINA 2% S/V FR 20ML,Lidocaína,118,5
NITROGLICERINA 25MG/5ML - SG - (DVA-MPP),Nitroglicerina,127,4
CefOTAXima 1000mg FA,Cefotaxima,115,5
OXIDO DE ZINCO + NISTATINA 200MG+100.00UI/G POMADA 60G,Óxido de Zinco + Nistatina,132,12
VINORELBINA 30MG CAPS,Vinorelbina,114,4
LOTAR 5/100MG 30 CAP,Losartana Potássica / Atenolol,115,12
ALENIA 12/400MCG,Budesonida + Formoterol,114,8
OXALiplatina 100 mg fr amp (QT),Oxaliplatina,119,5
VACINA ABELHA (HIMENOPTEROS) - 1:10 (10 mcg/ml),Extrato de Abelha,130,6
CLORIDRATO DE PAPAVERINA 50MG/ML AMP 2ML,Papaverina,124,4
CLENIL HFA 200 MCG,Beclometasona,114,5
Sucralfato 2g Flaconete 10ml,Sucralfato,118,4
SOLUCAO INSULINA ENDOVENOSA,Insulina,117,3
Atenolol 25mg cp,Atenolol,113,4
MC: ETNA,Etna,109,3
Mononitrato De Isossorbida 20mg Cp.,Isossorbida,119,4
"CLONIDINA 0,1MG COMP",Clonidina,115,4
Benzoilmetronidazol 40mg/ml (25mg/ml de metronidazol) Fr. 80ml,Metronidazol,133,5
amOXICIlina (SODICA) PO P/ SUSP ORAL 250MG/5ML - FR 150ML,Amoxicilina,133,4
Aciclovir 250 MG -  EV,Aciclovir,115,4
SULPIRIDA 200 MG CMP,Sulpirida,114,4
RIVAROXABANA 20  mg,Rivaroxabana,115,5
Ambrisentana 10mg Comprimido Revestido,Ambrisentana,118,4
ERITROMICINA 1G ,Eritromicina,114,4
ALBENDAZOL SUSP ORAL (10ML) 40 mg/mL,Albendazol,122,5
QUEtiapina 25MG CPREV,Quetiapina,114,4
Azul de Metileno 2% (20mg/ml) Ampola 5ml - Manipulado,Azul de Metileno,127,6
Fenitoina Sodica 50mg/ml Amp 5ml,Fenitoína,120,5
EPINEFrina 1mg/mL - 1mL,Epinefrina,118,4
METOCLOPRAMIDA INJETAVEL - 2 ML 5 MG/ML AMP,Metoclopramida,126,6
DIPROPIONATO DE BECLOMETASONA 200MCG 200 DOSES FR10ML (NP),Dipropionato de Beclometasona,131,11
ALOPURINOL 300MG COMP,Alopurinol,114,5
Divelol Comprimido 25mg,Carvedilol,114,4
IOXITALAMATO DE MEGLUBINA 300MG FR.50ML (TELEBRIX MEGLUBINA),Ioxitalamato de Meglubina,132,10
PIRIMETAMINA 25MG CP,Pirimetamina,115,4
HIDRALAZINA 50 MG DRAGEA,Hidralazina,115,5
RHODIOLA ROSEA 400 mg,Rhodiola Rosea,114,5
CETOPROFENO 100MG IV - FR AMP,Cetoprofeno,117,5
SulfADIAZINA DE PRATA 10MG/G CREME TUBO 50G,Sulfadiazina de Prata,126,8
Doxopeg  20 mg/10 mL fr amp (QT),Doxorrubicina,121,5
BuPROPiona 150mg,Bupropiona,111,4
PROGRAF 5MG COMP - TACROLIMUS (NP),Tacrolimus,121,3
OMEPRAZOL 20MG,Omeprazol,114,5
"DUTAM 0,5MG + 0,4MG (NP)",Dutasterida + Tansulosina,122,9
CEFALEXINA SUSP. ORAL 50 MG/ML FR,Cefalexina,120,4
"Clorexidina Gluconato 0,12% Sol. Bucal Fr. 1000mL",Clorexidina Gluconato,130,9
NIFEDIPINA 10MG COMP,Nifedipina,114,5
Ticagrelor 90mg cp,Ticagrelor,113,5
Depakene 50mg/ml Xarope Frasco 100ml - Dose,Ácido valproico,123,5
MC: CILOSTAZOL 50MG ,Cilostazol,116,5
Dexametasona 4mg Cp.,Dexametasona,115,5
CEFAZOLINA 1G (FRASCO AMPOLA) IV,Cefazolina,121,4
CARBAMAZEPINA 100MG/5ML P/ML SOL ORAL,Carbamazepina,123,5
LOPINAVIR 200 MG + RITONAVIR 50 MG 250 MG CMP,Lopinavir + Ritonavir,126,10
Tramadol 100mg (Retard) ,Tramadol,116,3
Isordil SL 5 mg comp (RQ),Isossorbida,117,4
NITROGLICERINA 5MG/ML 10ML INJ,Nitroglicerina,122,4
Bromoprida 4mg/ml Gotas Fr 20ml,Bromoprida,119,5
Pomada Lubrificante com Lanolina Tb. 5g,Lanolina,119,3
MC: FUROSEMIDA 40MG ,Furosemida,115,4
LORazepam 2mg Cp (Med. Controlado) ,Lorazepam,120,4
SORO GLICOSADO 5% 500 ML,Glicose,118,3
CLOR. DE CEFEPIMA 1G PO LIOFILIZADO FA,Cefepima,124,4
"Ecofilm 0,5% 5mg/mL Sol oftálmica 15mL (Não Padrão)",Ecabet,131,2
"DEXAmetasona 0,1% CREME 10G BSN",Dexametasona,123,5
CloNAZepam 2mg Cp,Clonazepam,113,4
LEXAPRO 10MG 60 CP REV C1,Escitalopram,118,4
CLORIDRATO DE DULOXETINA 30 MG,Duloxetina,119,5
TARTARATO DE METOPROLOL 1MG/ML 5ML (5MG) - SOLUÇÃO INJETÁVEL - AMPOLA,Metoprolol,139,4
SIROLIMUS 2MG - DRAGEA,Sirolimus,116,3
"LEUPRORRELINA 3,75MG/ML",Leuprorrelina,118,5
Glicose 10% Bolsa 1000ml - Beker,Glicose,120,3
MPP:  LEVODOPA 100 MG + BENSERAZIDA 25 MG,Levodopa + Benserazida,126,8
DONEPEZILA 10 MG (NP),Donepezila,115,3
Fauldfluor 2500mg (50mg/ml) Frasco-ampola 50ml,Fluorouracil,126,6
DUPIXENT 300MG 2 S PX2ML150MG/ML GELAD,Dupilumabe,124,4
Placebo/Bemarituzumab 20mg/mL Sol inj 20mL (Pesquisa Clínica),Bemarituzumab,131,7
Topiramato 25mg Cp.,Topiramato,113,3
Enzyfor (Lactase) sachê ,Lactase,116,3
PERMANGANATO DE POTASSIO - COMPRESSAS SOLUCAO 1:10000,Permanganato de Potássio,127,8
Oleo mineral Fr. 100mL,Óleo Mineral,114,3
"Alfast 0,544mg/ml Amp/5ml Inj.",Alprostadil,120,4
ENOXAparina 40MG (ALTA VIGILÂNCIA),Enoxaparina,123,5
ARIPIPRAZOL 15 mg,Aripiprazol,114,5
CLINDAMICINA 600MG SOL. INJ.,Clindamicina,118,4
Ondansetrona 8 mg/4 mL amp,Ondansetrona,118,6
"CLORETO DE POTASSIO 19,1% EV BI - (MEDICAMENTO DE RISCO)",Cloreto de Potássio,130,8
"SORO FISIOLOGICO 0,9% 50ML",Cloreto de Sódio,121,7
Dimorf 10mg Cp.,Morfina,112,3
FITOMENADIONA 10 MG/ML SOLUCAO INJETAVEL AMPOLA 1 ML,Fitomenadiona,130,4
IMATINIBE 400MG CP,Imatinibe,113,3
Celestone Soluspan Ampola 1ml,Betametasona,115,5
"HEPARINA  SODICA  SUB CUTANEA  0,25 ML 5000 UI AMP",Heparina Sódica,129,6
Lasix Amp. 20 Mg/2 Ml ( Furosemida ),Furosemida,122,4
POLIMIXINA B 500.000UI,Polimixina B,115,5
FLUNARIZINA 10MG COMP,Flunarizina,114,4
"ESCOPOLAMINA 6,67MG/ML+ DIPIRONA 333,4MG SOL.ORAL - FR 20ML","Escopolamina, Dipirona",135,7
N-ACETILCISTEINA 600MG D ENV,N-Acetilcisteína,119,9
Pamidronato 90 mg inj.,Pamidronato,114,5
FERRO III 500MG 50MG/ML 10ML SOL.INJ FERRINJECT,Ferro III,127,3
POLIMIXINA B 500.000UI (UTI - 3 FRASCOS AMPOLA/DOSE),Polimixina B,130,5
Vancomicina 50mg/ml Colírio Fortificado Frasco 5ml - Manipulado,Vancomicina,125,3
Brometo de N-butilescopolamina + Dipirona  amp 5 ml,"Brometo de N-butilescopolamina, Dipirona",123,14
"DOBUTAMINA 12,5MG/ML - AMP 20ML",Dobutamina,122,4
MC: EDISTRIDE 10 ,Empagliflozina,113,7
Cefuroxima Axetil 500mg cp,Cefuroxima Axetil,116,7
NICOTINA 21MG ADESIVO,Nicotina,114,3
Diclofenaco sódico 25mg/mL inj. ampola c/ 3mL,Diclofenaco sódico,127,7
"DOBUTAMINA 250MG/20ML INJ + SF 0,9% 250ML",Dobutamina,128,4
BROMOPRIDA 10MG/2ML AMP 2ML,Bromoprida,120,5
"DEXAMETASONA 0,1% CREME BISNAGA 10G",Dexametasona,126,5
Biotina 10mg/mL Sol oral 30mL (Não Padrão),Biotina,124,3
CAPTOPRIL 25 MG COMPRIMIDO,Captopril,116,3
Cetoprofeno 50mg caps,Cetoprofeno,114,5
"Acetato de Fludrocortisona 0,1mg cp",Fludrocortisona,121,6
MISOPROSTOL 25MCG - COMPRIMIDO VAGINAL,Misoprostol,122,4
MICAFUNGINA 100MG,Micafungina,113,4
DIAZEPAM 10MG - COMP,Diazepam,115,3
Racecadotrila 30mg Sache,Racecadotrila,114,4
FLUCONAZOL 200 MG FR 100 ML,Fluconazol,117,5
Vaselina Pomada 20g,Vaselina,113,3
MC: BACTRIM 40080MG ,Sulfametoxazol e Trimetoprima,116,13
LEVEMIR FlexPen 100 UI/mL Sol inj 3mL (caneta) (Alta Vigilância),Insulina detemir,132,6
SACARATO OXIDO FERRICO (100MG Ferro elementar)  AMP 5ML 20 mg/mL,Sacarato de óxido férrico,131,10
Nitrofurantoína 100mg Cp,Nitrofurantoína,115,6
PYLORIPAC 14 BLISTER,"Clarithromycin, Amoxicilina, Lansoprazol",114,14
Combiron Gotas Fr. 30mL,Ferro + Ácido Fólico,115,8
"MOXifloxacino, CLORIDRATO DE 400MG/250ML - EV",Moxifloxacino,126,6
"CLONAZEPAM 2,5 MG/ML FR (RIVOTRIL)",Clonazepam,125,4
"Deltametrina 0,2mg/mL -100mL Loção",Deltametrina,122,5
Resolor 1mg Comp. Revestido,Prucaloprida,115,6
CETAMINA (dextrogira)/ESCETAMINA EV/IM AMP 10ML 50 mg/mL,Cetamina,129,3
TIOSSULFATO DE SODIO SOLUCAO INJETAVEL 250MG/ML (25%) 10ML ,Tiossulfato de Sódio,136,9
"DEXAMETASONA 4MG/ML 2,5ML AMP EUROFARMA             ",Dexametasona,127,5
Cranberry 500mg Cap (Não Padrão),Cranberry,117,3
Fenitoina 20mg/mL 60mL FR gotas (manipulado),Fenitoína,125,5
MORFINA 30 MG COMPRIMIDO *NP,Morfina,117,3
CARBONATO DE LÍTIO 300 MG COMP,Carbonato de Lítio,118,6
METOPROLOL SUCCINATO 50 MG CMP,Metoprolol,118,4
HIDRATACAO S.G. 5% 250ML+NACL10%+KCL10%+GLUC.CA10%+GLIC.50%,"Soro glicosado, cloreto de sódio, cloreto de potássio, gluconato de cálcio, glicerol",141,34
DEXTROCETAMINA 50MG/ML SOL INJ EV 2ML,Dextrocetamina,123,5
VARFARINA SÓDICA 5MG CP,Varfarina Sódica,117,6
CEFEPIMA 1G/10ML FA (MAXCEF) (INFANTIL)ENDOVENOSO,Cefepima,130,4
Doxazosina 2 mg cpr,Doxazosina,115,5
IMAtinibe 400 mg cap (QT),Imatinibe,116,3
Omnaris 50mcg/dose Susp nasal spray (120 doses) (Não Padrão),Ciclesonida,126,4
MIDAZOLAM SOLUCAO INJETAVEL 5MG/ML 3ML @,Midazolam,127,4
MEROPENEM 1G - Infantil,Meropenem,114,3
"AFLIBERCEPTE 40MG/ML 0,05 ML INTRAVITRIA",Aflibercepte,126,5
Ácido Tranexâmico 250mg Comprimido  - Ems,Ácido Tranexâmico,121,6
SOLUCAO PURA DE PROPOFOL (10MG/ML) - MPP,Propofol,125,3
Vitamina do complexo B - Drageas,Complexo de Vitaminas B,115,6
Adiloz 600mg Cpr Rev,Ibuprofeno,114,5
ACEBROFILINA 50MG/5ML SOLUÇÃO ORAL,Acebrofilina,122,4
Amoxicilina 250mg/5ml Susp. Oral Frasco C/ 150ml *,Amoxicilina,126,4
OLEO DE GIRASSOL 2% - 50GR - NP,Óleo de Girassol,121,6
UTROGESTAN (PROGESTERONA) 200MG COMP,Progesterona,119,3
MEDICAMENTO NAO CADASTRADO  ,"Não é possível identificar a substância ativa, pois o medicamento não está cadastrado.",116,20
ANFORTERICINA B 50MG - PÓ PARA SOLUÇÃO INJETÁVEL - VIA ENDOVENOSA - FRASCO AMPOLA,Anfotericina B,139,5
SORO RINGER LACTATO C/ 500ML (SOROTERAPIA),Lactato de Ringer,125,6
"Isossorbida, dinitrato 10mg cp.",Dinitrato de isossorbida,119,9
DISFOSTATO DE CLOROQUINA 150MG COMP,Cloroquina,119,3
(Do paciente ) Espironolactona 100 mg cap,Espironolactona,118,5
SUPOSITORIO DE GLICERINA ADULTO,Glicerina,117,3
"Gyno Iruxol 0,6 UI/g + 10 mg/g Pomada Ginecológica Bisnaga 30g",Colagenase + Cloranfenicol,135,8
DULoxetina 30mg/ml - Frasco 30ml - Manipulado,Duloxetina,123,5
VALIUM 10MG 30 CP B1,Diazepam,116,3
"Guaco herbarium 0,5mL/5mL Xpe 120mL (Não Padrão)",Extrato de Guaco,132,6
ALBUMINA HUMANA 20% 50ML IV,Albumina Humana,118,4
GANciclovir 500 mg fr/amp,Ganciclovir,117,5
Lenvima 4mg Cápsula Dura,Lenvatinibe,117,4
DimeniDRINATO IM 50MG+ VIT B6 50MG AMP 1ML  ,Dimenidrinato,127,5
TRAStuzumabe 440MG SOL. INJ,Trastuzumabe,118,5
AMPICILINA PO PREPARACAO EXTEMPORANEA 50MG/ML 60ML,Ampicilina,127,5
"MitoMIcina 0,03% Frasco-ampola",Mitomicina,120,3
LORazepam 1mg Cap (Med. Controlado) (Não Padrão),Lorazepam,125,4
Cardizem SR 90mg Cápsula de Liberação Prolongada,Diltiazem,123,4
"FOSFATO TRIBASICO DE CALCIO 12,9% 100ML ",Fosfato Tribásico de Cálcio,125,12
TIGECICLINA 50MG/5ML PO LIOFILIZADO FR AMP,Tigeciclina,126,5
CLOR.METFORMINA 500MG 30CP PRATI GEN,Metformina,121,3
CETAMINA SOL INJ 500MG/10ML,Cetamina,117,3
AMPICILINA CAPSULA 500 mg,Ampicilina,115,5
"FENTANILA 0,5 MG - AMPOLA 10ML SEM CONSERVANTE",Fentanila,125,4
Fitoscar 60mg/g Pomada Bisn. 50g,Centella asiatica,120,4
ALPROSTADIL 20 MCG/ML 1ML AMP,Alprostadil,120,4
CEFAZOLINA 1G FR AMP - UTIN,Cefazolina,118,4
MONOCORDIL 40MG CP,Mononitrato de Isossorbida,113,9
"Candesartana Cilexetila 16mg + hidroCLOROTiazida 12,5mg Comprimido","Candesartana Cilexetila, Hidroclorotiazida",133,18
LOSARTANA 50 MG COMPRIMIDO,Losartana,115,3
Fosfato Dissodico de Dexametasona 2mg/ml 1ml,Dexametasona,125,5
CLORIDRATO DE PROMETAZINA COMP C/25MG,Prometazina,120,4
SOLUCAO HEPARINA (50UI/mL) - 100mL  ALTA VIGILANCIA,Heparina,131,3
Coltrax 4mg/2ml  amp 2 ml,Tiocolchicosídeo,119,6
BROMAZEPAM 3MG CP,Bromazepam,114,4
Hidantal 100mg Comprimido,Fenitoína,114,5
AGUA BIDESTILADA AMP 10 ML,Água bidestilada,116,6
METOPROLOL (TARTARATO) 10MG/ML 30 ML FR,Metoprolol,125,4
MPP:  TEGRETOL 200MG (CARBAMAZEPINA),Carbamazepina,124,5
Solução Fosfato Para Preparo Intestinal Frasco 45ml - Manipulado,Fosfato de sódio,125,8
Morfina Sulfato 10mg Injetavel - Ampola Com 1ml,Morfina,124,3
Albendazol 400mg comprimido,Albendazol,115,5
AnLODIPina 5mg cp,Anlodipina,114,4
MEDICAMENTO DO PACIENTE,"Desculpe, mas você não forneceu o nome de um medicamento específico. Por favor, forneça o nome de um medicamento para que eu possa identificar a substância ativa mais provável.",113,47
"EXElon Patch 15cm (13,3mg/24h) Adesivo (Med. Controlado)",Rivastigmina,130,5
EMULSAO AGAR-AGAR 50ML,Agar-Agar,117,4
BROM. DE ROCURONIO 10MG/ML SOL. INJETAVEL FA 10ML,Rocurônio,129,5
Norvasc 5mg Cp (Não Padrão),Amlodipina,118,5
Deflazacorte 6mg Cp,Deflazacorte,114,5
ARIPIPRAZOL COMPRIMIDO 10MG @,Aripiprazol,119,5
LEVOTIROXINA SODICA 50MCG/1ML SUSPENSAO,Levotiroxina Sódica,126,9
"IODOPOVIDONA 2,5% COLÍRIO 5ML 25 MG/ML FR",Iodopovidona,128,5
HIDROXIZINA CLORIDRATO 2MG/ML 120ML XAROPE,Hidroxizina,127,5
"TERLIPRESSINA  5 ML ,2 MG/ML FRA",Terlipressina,121,4
BUDESONIDA  50MCG AEROSOL ORAL,Budesonida,120,4
"FLUMAZENIL 0,1 MG/ML 5 ML (0,5 MG) - AMP",Flumazenil,128,4
Valsartan potássico 160mg cp. (NÃO PADRONIZADO),Valsartan,126,3
(Do paciente) Mesalazina 500 mg supositório,Mesalazina,119,4
Venlafaxina 150mg  Cápsula De Liberação Prolongada,Venlafaxina,125,5
"PIPERACILINA+TAZOBACTAM 4G+0,5G SOL.INJ",Piperacilina Tazobactam,128,10
CLORETO DE POTASSIO 10% 10ML,Cloreto de Potássio,119,8
Ferinject 50mg/ml Ampola 10ml Inj.,Ferricarboximaltose,119,8
 ,Total: ,121636,5986
